Query;Resultados
00001;[(1, '00437', 0.29068121225912275), (2, '00484', 0.23140491011029501), (3, '00498', 0.2293423687143636), (4, '00827', 0.19332675991692888), (5, '00526', 0.18173724668170024), (6, '00957', 0.1809168129058213), (7, '00533', 0.17555424395962244), (8, '00441', 0.17000136756430784), (9, '00741', 0.16428620183996961), (10, '00754', 0.15831242888907965), (11, '00592', 0.15562391290335903), (12, '00027', 0.1528297453511362), (13, '00925', 0.1524300264601023), (14, '00461', 0.14296653759898315), (15, '00052', 0.13618406851932388)]
00002;[(1, '00592', 0.2817689652797252), (2, '00498', 0.25655231318329724), (3, '00980', 0.19562504683286122), (4, '01170', 0.18459414005511984), (5, '00160', 0.183958194516184), (6, '00590', 0.17097869763620355), (7, '00733', 0.1610586420576898), (8, '00437', 0.15164771522665357), (9, '00761', 0.14913691242880014), (10, '00754', 0.14483534399316042), (11, '00137', 0.13739538241264948), (12, '00001', 0.13273953150521378), (13, '01223', 0.1197113189060245), (14, '00912', 0.11521985526764275), (15, '00925', 0.10802061150833882)]
00003;[(1, '00856', 0.3524621554335857), (2, '00633', 0.2656225730771384), (3, '00439', 0.2526322570805914), (4, '00077', 0.25176620856771487), (5, '01206', 0.2455309005468229), (6, '00500', 0.23100113720617188), (7, '00002', 0.22723182563968392), (8, '01196', 0.22080599973942378), (9, '00635', 0.2153231226084314), (10, '00959', 0.2140057656516683), (11, '00023', 0.19001529123426467), (12, '00367', 0.18102922243017636), (13, '00462', 0.17872407977035723), (14, '00805', 0.17850062994459767), (15, '00553', 0.1775845158222178)]
00004;[(1, '00357', 0.34367015263206135), (2, '00604', 0.3025891590249019), (3, '00876', 0.2553072469819993), (4, '01030', 0.23384123568909004), (5, '00991', 0.22816340242904937), (6, '00725', 0.20387037043097905), (7, '00311', 0.19758596040770426), (8, '00835', 0.17125449769819856), (9, '00498', 0.16422839946860804), (10, '00715', 0.1617756571348179), (11, '00160', 0.15981802391574315), (12, '00867', 0.15561081779875588), (13, '00374', 0.15338039726910807), (14, '00820', 0.14658906914392905), (15, '00441', 0.1462071267393688)]
00005;[(1, '00498', 0.470241253832023), (2, '00437', 0.2990199221080144), (3, '00754', 0.27943531862526877), (4, '00925', 0.2788646449752894), (5, '00592', 0.2709395106597164), (6, '00151', 0.2542976839408779), (7, '00711', 0.2524444086969761), (8, '00975', 0.23402306502414955), (9, '00827', 0.22477150287653855), (10, '00501', 0.2237118556559732), (11, '01064', 0.20149305537104334), (12, '00481', 0.19687847925266944), (13, '00463', 0.19581803407366838), (14, '00980', 0.19448460362181588), (15, '00776', 0.17641510184988515)]
00006;[(1, '00047', 0.3744433895449461), (2, '00031', 0.33390838142872387), (3, '00593', 0.29356399317338255), (4, '00976', 0.29227019474125254), (5, '00441', 0.2421787531604916), (6, '00805', 0.23074419792053943), (7, '00546', 0.1877430703704704), (8, '01164', 0.15050740313901975), (9, '00945', 0.14702986354533346), (10, '00109', 0.14363296074690143), (11, '00577', 0.13886011094766385), (12, '00496', 0.1321275165652213), (13, '00592', 0.12677689810304477), (14, '00077', 0.1246116447576398), (15, '00980', 0.12059476743096355)]
00007;[(1, '00856', 0.40220235787525915), (2, '00498', 0.2682923647301445), (3, '01064', 0.21773545881701345), (4, '00256', 0.21560634486845878), (5, '00754', 0.20604554556151167), (6, '00439', 0.18801174985007738), (7, '00437', 0.1827025147365881), (8, '00827', 0.1771441463754299), (9, '01196', 0.17576647516560057), (10, '00500', 0.17191362862912404), (11, '00633', 0.16646648982816814), (12, '00151', 0.16264112400334307), (13, '00166', 0.15991197922268346), (14, '00805', 0.1573030212634665), (15, '00975', 0.1544338207683685)]
00008;[(1, '00531', 0.20185660560061955), (2, '00166', 0.13506081377549603), (3, '00160', 0.11699948145228062), (4, '00437', 0.10161917895359424), (5, '00439', 0.0911624274593844), (6, '01170', 0.06563089027092804), (7, '00233', 0.06388446566843005), (8, '00322', 0.058678476783921386), (9, '00011', 0.05829565487526914), (10, '00297', 0.05672361312048369), (11, '00100', 0.056711679595990536), (12, '00417', 0.05554246113928767), (13, '01030', 0.053862558795652354), (14, '00773', 0.05279694654105995), (15, '01067', 0.05255110763468501)]
00009;[(1, '00414', 0.39236954821978487), (2, '00870', 0.3360718451187066), (3, '01108', 0.32326529183932284), (4, '00545', 0.3173315488280909), (5, '00878', 0.2953021467901604), (6, '00157', 0.2888740300576768), (7, '00165', 0.2747932831985678), (8, '00720', 0.2723964029350742), (9, '00059', 0.2704901888642557), (10, '00676', 0.25613261241573515), (11, '01115', 0.2545160352573179), (12, '01184', 0.25256629781216694), (13, '01190', 0.24390828139333778), (14, '00854', 0.24053284940479933), (15, '00296', 0.2402537144025712)]
00010;[(1, '00414', 0.47841825923785086), (2, '01108', 0.4483501230924404), (3, '00878', 0.40490981424860223), (4, '00157', 0.3907489777951036), (5, '00676', 0.36958324698171097), (6, '01115', 0.3604031688128494), (7, '01190', 0.3411675875929955), (8, '01106', 0.2699916875888943), (9, '00296', 0.26348018253956845), (10, '00165', 0.2528538646324319), (11, '00581', 0.24598021271381051), (12, '00794', 0.22354423217306618), (13, '00970', 0.20292994165413378), (14, '00510', 0.20198819904506682), (15, '01234', 0.19697462092948456)]
00011;[(1, '00991', 0.40799054745437774), (2, '00096', 0.32587457737392433), (3, '00798', 0.2804980388583257), (4, '00796', 0.27397319537821896), (5, '00909', 0.26660099440807794), (6, '00649', 0.26258164680078855), (7, '00799', 0.23721602006501805), (8, '00835', 0.23441384858492426), (9, '00659', 0.23003704275829354), (10, '00908', 0.22349255860552364), (11, '01064', 0.2065277551703782), (12, '00834', 0.1827579507963635), (13, '00319', 0.17634498392241035), (14, '00483', 0.17022309186685744), (15, '01002', 0.163287636521046)]
00012;[(1, '00834', 0.2579136243294995), (2, '00140', 0.22114206415612694), (3, '00772', 0.18993303858472482), (4, '00896', 0.18868791289903547), (5, '00383', 0.1867062138669308), (6, '00775', 0.17279249553128045), (7, '00032', 0.17085123921993547), (8, '00046', 0.15478795629726735), (9, '00125', 0.14503013496827985), (10, '00428', 0.14274658866242934), (11, '00490', 0.12973568967044635), (12, '00381', 0.12926338206017618), (13, '00872', 0.12823390722213868), (14, '00500', 0.12204915016985404), (15, '01051', 0.1191056901905027)]
00013;[(1, '00791', 0.19064518828102034), (2, '00902', 0.1801216010373447), (3, '00571', 0.16866916613104685), (4, '00643', 0.15775350755832196), (5, '00499', 0.15263100731167542), (6, '00920', 0.1454308109413468), (7, '00150', 0.14080850564433645), (8, '00770', 0.13838498256718043), (9, '00798', 0.13789634739456821), (10, '00690', 0.1334801511041027), (11, '01186', 0.133374709700584), (12, '00635', 0.13269545306653632), (13, '01134', 0.13217899126542207), (14, '00010', 0.12912481912515208), (15, '00928', 0.12905940834939764)]
00014;[(1, '00791', 0.3674399127466314), (2, '00798', 0.30226946638454), (3, '00150', 0.24365991047269556), (4, '00643', 0.1943163018358926), (5, '00815', 0.18764682842637126), (6, '00440', 0.17892152809985207), (7, '00465', 0.17065977220379966), (8, '01214', 0.14888995516846004), (9, '00928', 0.1467081529929165), (10, '00920', 0.1430297227592547), (11, '00314', 0.14058552681327774), (12, '00930', 0.14024220610628158), (13, '00697', 0.13392306813949623), (14, '01041', 0.13368040527851707), (15, '01052', 0.13319811417602753)]
00015;[(1, '00994', 0.3580379283146864), (2, '00690', 0.24408386114013975), (3, '00601', 0.2252838785790241), (4, '00822', 0.16243278272254863), (5, '00908', 0.13026517193246226), (6, '00443', 0.12836558861750622), (7, '01013', 0.12580963143848314), (8, '00398', 0.12414980400047679), (9, '00642', 0.12200092172251992), (10, '00769', 0.11843482639103038), (11, '00186', 0.11237469839397235), (12, '00833', 0.11234540985672856), (13, '00322', 0.10543230425936163), (14, '00837', 0.10540010880392477), (15, '00333', 0.10397791655234044)]
00016;[(1, '00991', 0.32690675505686434), (2, '00798', 0.26488883440216165), (3, '00649', 0.2616456559769267), (4, '00096', 0.25676677633920975), (5, '00908', 0.25673305069451696), (6, '00659', 0.2311822426340284), (7, '00333', 0.20882463607439336), (8, '00835', 0.19077232476651593), (9, '00799', 0.18690992485192182), (10, '00697', 0.18505369607457822), (11, '00234', 0.18284344518963905), (12, '00854', 0.18030589033281547), (13, '00775', 0.17589731560057892), (14, '01064', 0.16272968068577798), (15, '00443', 0.1617670205596966)]
00017;[(1, '00816', 0.2534113327255314), (2, '00791', 0.2448707728491897), (3, '00185', 0.228628097640646), (4, '01107', 0.225667504293522), (5, '00810', 0.19856067521800877), (6, '00150', 0.1739449152503429), (7, '01093', 0.16506400100591528), (8, '01215', 0.15648562684443562), (9, '00823', 0.15025124051467983), (10, '00688', 0.1493236626297811), (11, '00424', 0.14835957180929524), (12, '00798', 0.14812839977584813), (13, '00089', 0.14484891513388065), (14, '00888', 0.1446063206672663), (15, '00489', 0.14292756056944594)]
00018;[(1, '01016', 0.3431292519572198), (2, '00423', 0.28623542452833023), (3, '00205', 0.2594074142191615), (4, '00424', 0.2545257511458848), (5, '00993', 0.22786445294134466), (6, '00658', 0.22134417379527377), (7, '00816', 0.21333818812375274), (8, '00129', 0.20636800494696259), (9, '00642', 0.2052849603535385), (10, '00185', 0.1918779080024556), (11, '00313', 0.1701491251619804), (12, '00994', 0.1675193870935758), (13, '00395', 0.1614300166092524), (14, '00220', 0.14777010427743664), (15, '00181', 0.14094625533213337)]
00019;[(1, '00791', 0.28343402538428636), (2, '00770', 0.24864519436516672), (3, '00150', 0.2472253595917582), (4, '00798', 0.22517827848665967), (5, '01234', 0.20575885652971707), (6, '00908', 0.2039722237191903), (7, '00902', 0.20133574627510634), (8, '00186', 0.1933427804579902), (9, '00643', 0.1856825611944137), (10, '01128', 0.18261505290837127), (11, '00510', 0.17587265986870437), (12, '01101', 0.17356003768963824), (13, '00438', 0.16723119769139103), (14, '00852', 0.16663278692311542), (15, '01055', 0.1650459376479245)]
00020;[(1, '00126', 0.505834951514083), (2, '01215', 0.38411554559763594), (3, '00286', 0.35473316690160717), (4, '00758', 0.337147041009267), (5, '01066', 0.3300362120478953), (6, '00208', 0.32111179990495214), (7, '00919', 0.27916476719868105), (8, '00662', 0.25949549774027414), (9, '00538', 0.25811347428475523), (10, '01239', 0.25358070415386713), (11, '00540', 0.23145757130636088), (12, '00970', 0.2284181027557308), (13, '01050', 0.2236624621314417), (14, '00185', 0.21967971770088376), (15, '00752', 0.21722233764486848)]
00021;[(1, '00068', 0.45277219394066387), (2, '00251', 0.4325141258411116), (3, '00709', 0.3488507764330689), (4, '01158', 0.2743089915456557), (5, '00098', 0.25273867243208), (6, '00928', 0.18586756989047265), (7, '00791', 0.18421394481460354), (8, '00715', 0.1578930754484373), (9, '00643', 0.1494778310145085), (10, '00234', 0.11668018119602874), (11, '00283', 0.11533603309406004), (12, '00126', 0.11478916629230874), (13, '00657', 0.11266183924224744), (14, '01206', 0.11003451767714528), (15, '00899', 0.10921289133534383)]
00022;[(1, '00104', 0.21975263298386463), (2, '00328', 0.2121355698118553), (3, '00167', 0.20236585651987904), (4, '00871', 0.17607281904072955), (5, '00276', 0.15156332826718166), (6, '00874', 0.13897812717148642), (7, '00881', 0.12178835841919605), (8, '00113', 0.12002501272775391), (9, '00692', 0.11216982135634819), (10, '00610', 0.10846022098509242), (11, '00664', 0.10781545785964676), (12, '00342', 0.10235403511795774), (13, '00248', 0.09976579390672706), (14, '00476', 0.09851928310084901), (15, '01144', 0.098306044400709)]
00023;[(1, '00046', 0.2816336987834393), (2, '00545', 0.22092607514958057), (3, '00902', 0.1881332922687783), (4, '01080', 0.18583821238813142), (5, '00768', 0.17958095438567873), (6, '00247', 0.1543439022627275), (7, '00432', 0.1353076581675152), (8, '00881', 0.11950621929619294), (9, '00490', 0.11844323545211981), (10, '00863', 0.11745328522629696), (11, '00770', 0.11621220890412548), (12, '00796', 0.11118707353185092), (13, '00728', 0.10460680153762629), (14, '00099', 0.09838517666277183), (15, '00779', 0.09673405323556569)]
00024;[(1, '00210', 0.22305925426435122), (2, '00822', 0.1439194895236834), (3, '00096', 0.11345315452365118), (4, '00120', 0.10566727037353962), (5, '00949', 0.10376268316447473), (6, '00285', 0.10149992759269422), (7, '01084', 0.09751491202830202), (8, '01192', 0.08782700581980964), (9, '00190', 0.08688829703338169), (10, '00056', 0.08391321973429225), (11, '00582', 0.0824722934461559), (12, '00256', 0.08110312596655724), (13, '00443', 0.07625654043833845), (14, '00060', 0.07521893787153208), (15, '00566', 0.07311962805696873)]
00025;[(1, '00215', 0.2261534372216805), (2, '00926', 0.19390724657809888), (3, '00915', 0.17845715811488444), (4, '01194', 0.17223505183209986), (5, '00104', 0.1714086011065306), (6, '00203', 0.1553784992114749), (7, '00566', 0.15210629453937685), (8, '00142', 0.1405838140962354), (9, '00464', 0.13915588504742896), (10, '01163', 0.13878842317128598), (11, '00236', 0.13608326433082862), (12, '01211', 0.12989497101421607), (13, '00328', 0.12478069958937922), (14, '00366', 0.12149875688156048), (15, '00913', 0.12030049491285759)]
00026;[(1, '01061', 0.2111417351621752), (2, '00104', 0.19548420289579793), (3, '00293', 0.17905272404826122), (4, '00442', 0.1713076437804732), (5, '01238', 0.1559503658598384), (6, '00785', 0.15462020635393564), (7, '00881', 0.1542099424551394), (8, '00610', 0.15151565276488396), (9, '00617', 0.1486382326438964), (10, '01144', 0.12447634278676883), (11, '00289', 0.12429560828060594), (12, '00050', 0.12072452796388009), (13, '00583', 0.11680392649073006), (14, '00807', 0.11562276144335054), (15, '00281', 0.11470374662285433)]
00027;[(1, '00905', 0.36656457849709023), (2, '00599', 0.3178925317825685), (3, '00217', 0.1462446557082967), (4, '00977', 0.10983519164757502), (5, '00822', 0.10943387443757231), (6, '00949', 0.1070253771243146), (7, '00571', 0.09398047365025262), (8, '00370', 0.0918952742862975), (9, '00096', 0.09045066165345654), (10, '00921', 0.08546714604820092), (11, '00499', 0.0842572876253559), (12, '00221', 0.08037669628189087), (13, '00366', 0.07739881685157092), (14, '01213', 0.07650434073701853), (15, '00485', 0.07449165487941427)]
00028;[(1, '00687', 0.25606982071867823), (2, '00477', 0.25427220898511554), (3, '00807', 0.19232926275053774), (4, '00351', 0.1838913809599314), (5, '00352', 0.18106463089563019), (6, '00610', 0.17501031344569393), (7, '01166', 0.17454817117899044), (8, '00230', 0.17426960656576543), (9, '00871', 0.16412631941261605), (10, '00832', 0.15937866810603663), (11, '00398', 0.15059384878839144), (12, '00594', 0.11793904665269879), (13, '00262', 0.09954032973539052), (14, '00720', 0.09010333823916866), (15, '00808', 0.08897414895573778)]
00029;[(1, '00687', 0.29429609562282405), (2, '00665', 0.23055655417753007), (3, '00230', 0.22293429855312316), (4, '01224', 0.21165847910846775), (5, '01192', 0.15425414611704724), (6, '00107', 0.15178167097356646), (7, '00610', 0.1499035689458436), (8, '00130', 0.1436141882608902), (9, '00832', 0.12953579845807062), (10, '00022', 0.12340812332917851), (11, '00436', 0.1227319173326596), (12, '00763', 0.11802455860363714), (13, '00611', 0.11152882994722359), (14, '00799', 0.11066467729799137), (15, '00398', 0.10878223857473548)]
00030;[(1, '01001', 0.4330863415962087), (2, '00760', 0.22418565967023676), (3, '00216', 0.21594875584534984), (4, '00203', 0.21398543136669748), (5, '01084', 0.21284674643357732), (6, '01224', 0.20447596238223328), (7, '00845', 0.20400790433279084), (8, '00043', 0.19772377874361796), (9, '00477', 0.19155246615995367), (10, '01031', 0.14951146166630244), (11, '00911', 0.14919044127871936), (12, '00247', 0.14256300517719264), (13, '00009', 0.14204447386430663), (14, '00557', 0.1415020235157132), (15, '00252', 0.14095448060681515)]
00031;[(1, '00433', 0.5190356562966179), (2, '00760', 0.33339952293084935), (3, '00764', 0.23112931255531624), (4, '00043', 0.19307839640610444), (5, '00845', 0.1597881281882074), (6, '01033', 0.15623161786045806), (7, '00216', 0.155048364468734), (8, '00145', 0.12978775089150035), (9, '00586', 0.1257390140507629), (10, '00651', 0.12244538978361054), (11, '01182', 0.12116119175726517), (12, '00469', 0.11998190936374176), (13, '00239', 0.10854360816729224), (14, '00700', 0.10265017443721777), (15, '01084', 0.09998657744176061)]
00032;[(1, '00184', 0.410589305148861), (2, '00389', 0.2626429504653414), (3, '01179', 0.13287803497647357), (4, '01080', 0.13096552041179665), (5, '00767', 0.1110532551677946), (6, '00865', 0.10854031659832578), (7, '01234', 0.10217880462080357), (8, '00392', 0.09439785542122772), (9, '00302', 0.08953451413936067), (10, '00838', 0.08652835711035484), (11, '00438', 0.08415953163929986), (12, '00326', 0.08164791447460487), (13, '00966', 0.07954186716637249), (14, '00159', 0.07372295577792), (15, '00882', 0.07340347025581324)]
00033;[(1, '00811', 0.22170971364787084), (2, '00916', 0.1742090104825264), (3, '01186', 0.16049340852643434), (4, '00846', 0.15833254010985157), (5, '00210', 0.153160955407765), (6, '00920', 0.15188370097325024), (7, '00612', 0.1492826260070873), (8, '00534', 0.1445295163865186), (9, '01234', 0.1422401499292303), (10, '00392', 0.13110359474038105), (11, '00825', 0.12942126627816605), (12, '01105', 0.12868982189366487), (13, '00978', 0.12291800930728997), (14, '00471', 0.1215747696036789), (15, '00950', 0.1153446872346721)]
00034;[(1, '00916', 0.235866160390036), (2, '00404', 0.2224437886271842), (3, '00929', 0.19435142343110876), (4, '00471', 0.17568125290760414), (5, '00773', 0.16084715591913992), (6, '00210', 0.15027249989246644), (7, '00978', 0.14913984599425578), (8, '01074', 0.14694606925875062), (9, '00795', 0.14327152262359744), (10, '00337', 0.14110470603800093), (11, '00818', 0.13859518074727203), (12, '00846', 0.12804100542348854), (13, '00065', 0.11827850831084787), (14, '00930', 0.10727584968193773), (15, '00817', 0.10340655484051102)]
00035;[(1, '00846', 0.35266438708811043), (2, '00916', 0.3166971455269922), (3, '00210', 0.29315698616567243), (4, '00920', 0.29133537133904885), (5, '01105', 0.2594736855286236), (6, '01186', 0.25355962658406417), (7, '00612', 0.2520794926264738), (8, '00825', 0.24294704388365956), (9, '00471', 0.21116189935405777), (10, '00811', 0.208992833722079), (11, '00065', 0.19867349722229125), (12, '00818', 0.18915209035839609), (13, '00758', 0.18390748535216783), (14, '01109', 0.1772769095411642), (15, '00094', 0.17292593734902617)]
00036;[(1, '00612', 0.3264792592017596), (2, '00721', 0.20209118890707478), (3, '00471', 0.201505045356433), (4, '01215', 0.18661758069251158), (5, '00978', 0.1839234366334842), (6, '01058', 0.17726905359734038), (7, '00526', 0.16988990345139734), (8, '01159', 0.1681108759120605), (9, '00825', 0.16292742493023674), (10, '01135', 0.15941162886659543), (11, '00846', 0.1579749743664205), (12, '00066', 0.15262003679318756), (13, '00210', 0.14496134329976576), (14, '01186', 0.14103190437136254), (15, '00766', 0.13539393482500245)]
00037;[(1, '00247', 0.31385841891603705), (2, '00697', 0.22029148031974108), (3, '00175', 0.22028749866999056), (4, '00903', 0.21651054086164165), (5, '01174', 0.18704216015602007), (6, '00379', 0.18538119207390555), (7, '00946', 0.17826370060398977), (8, '00491', 0.17807054585813828), (9, '00600', 0.17674753511668304), (10, '01117', 0.1730331930375206), (11, '00334', 0.16443673980202356), (12, '01182', 0.16353832297550328), (13, '00492', 0.1620795041884765), (14, '00378', 0.161124706251568), (15, '00289', 0.15880428822103537)]
00038;[(1, '00014', 0.3072219343750881), (2, '01068', 0.2880789217128996), (3, '01001', 0.2802332770413572), (4, '01136', 0.1595853619857883), (5, '00472', 0.147328058784708), (6, '01184', 0.13359002962826177), (7, '00752', 0.133093728631543), (8, '01183', 0.12422077957190865), (9, '01130', 0.12289913585313497), (10, '00722', 0.1141253666085652), (11, '01224', 0.10621233086491073), (12, '00599', 0.10544602349814046), (13, '00873', 0.10405917354760934), (14, '00360', 0.10183398965954277), (15, '00207', 0.0987121333676479)]
00039;[(1, '01007', 0.2175399729725883), (2, '00430', 0.21404594871889496), (3, '01210', 0.20666091935828654), (4, '00407', 0.20366559304168275), (5, '00293', 0.19152303102391866), (6, '00966', 0.1845364512695293), (7, '00946', 0.1637180314468996), (8, '00610', 0.16206811272682203), (9, '00084', 0.15819339251810988), (10, '00339', 0.1558684444363646), (11, '00419', 0.14373514882039987), (12, '00289', 0.13295230087896842), (13, '00583', 0.1249388533791304), (14, '00740', 0.12175467073234919), (15, '00532', 0.1193776081478952)]
00040;[(1, '00916', 0.20521140900123275), (2, '00846', 0.18319734686904446), (3, '01186', 0.180118934724099), (4, '01126', 0.1746333481782345), (5, '00920', 0.1736328239491486), (6, '00289', 0.17173332131918953), (7, '01234', 0.16897716217976588), (8, '00612', 0.14689416473965286), (9, '00210', 0.14130521096670268), (10, '00465', 0.13644717732514802), (11, '00350', 0.12993421373027547), (12, '00077', 0.127943396568316), (13, '00811', 0.12539074279716175), (14, '00825', 0.11940314218023537), (15, '00818', 0.11697928949048413)]
00041;[(1, '00414', 0.5252375537273655), (2, '01108', 0.48863733916597074), (3, '00878', 0.4412936320212209), (4, '00157', 0.4258603510012993), (5, '00676', 0.37770494974495), (6, '01190', 0.37320709936762936), (7, '01115', 0.3496831125554845), (8, '00581', 0.3322465311494237), (9, '00165', 0.3042526609098945), (10, '01106', 0.3012089197078567), (11, '00296', 0.2871556149713696), (12, '00126', 0.2799596430471652), (13, '00794', 0.24363115602942678), (14, '01107', 0.20838715954530027), (15, '00866', 0.20213855443097076)]
00042;[(1, '00337', 0.48855302166095554), (2, '00585', 0.4571849816583385), (3, '00317', 0.4540037262349253), (4, '00209', 0.37673842636089216), (5, '00695', 0.3173262041645998), (6, '00092', 0.21466740523176844), (7, '00866', 0.14927001238851442), (8, '00441', 0.14781499115274768), (9, '00601', 0.1441022564846602), (10, '00416', 0.14102851577177708), (11, '01216', 0.1390358629437027), (12, '00553', 0.1325919623957093), (13, '00314', 0.125638444898797), (14, '00997', 0.12395368495159005), (15, '00498', 0.12311053558983846)]
00043;[(1, '00471', 0.24132043067213452), (2, '01016', 0.22818680467604965), (3, '00818', 0.19473256915436662), (4, '00065', 0.19465959831724305), (5, '00091', 0.17744485285385467), (6, '00261', 0.1682480711474938), (7, '00404', 0.16389547650921127), (8, '00966', 0.16203922627192413), (9, '00817', 0.15835419678287524), (10, '01105', 0.1548691645832248), (11, '00996', 0.15174484269862348), (12, '00927', 0.14902437589828013), (13, '00612', 0.142874014983323), (14, '00833', 0.14162174288149226), (15, '00978', 0.1372575414631788)]
00044;[(1, '00737', 0.17493713894518148), (2, '00535', 0.1277616673778332), (3, '01053', 0.1245998151369406), (4, '00499', 0.11665109474900544), (5, '00532', 0.11309755206506739), (6, '00567', 0.10929148821976974), (7, '00666', 0.10893036530056562), (8, '00336', 0.10874077417825687), (9, '00469', 0.10763678767721299), (10, '00570', 0.09996323187462956), (11, '00561', 0.09768248591129025), (12, '00053', 0.09658581371414725), (13, '01068', 0.09606791291306425), (14, '01148', 0.09359154308832299), (15, '00439', 0.09142697042433022)]
00045;[(1, '00919', 0.3540823213343118), (2, '00208', 0.2640804081128277), (3, '00538', 0.24183810975528622), (4, '00924', 0.20488278389009595), (5, '00803', 0.19786178532109622), (6, '00540', 0.19213345709633817), (7, '00376', 0.1703844265176229), (8, '00866', 0.15955623016155232), (9, '00997', 0.1354566812884845), (10, '00961', 0.13366552087690756), (11, '01216', 0.13275085270384138), (12, '00014', 0.1313759931521091), (13, '01088', 0.12876015245555966), (14, '01157', 0.12602489993985336), (15, '00553', 0.1223496472786552)]
00046;[(1, '00053', 0.3619902150400287), (2, '00051', 0.30599280307739585), (3, '01055', 0.2509037177909267), (4, '01212', 0.20506284930322138), (5, '00847', 0.1804683322234359), (6, '00856', 0.15093987582364565), (7, '00052', 0.12712682753768495), (8, '00371', 0.1047313960957045), (9, '00622', 0.09770185328773409), (10, '00026', 0.09638377637231171), (11, '01128', 0.09629119478396737), (12, '00437', 0.09597472305906135), (13, '00953', 0.09081136979989697), (14, '00737', 0.08906125161269707), (15, '00171', 0.08774811943717868)]
00047;[(1, '00840', 0.4119768139726833), (2, '01165', 0.1723174947831135), (3, '00376', 0.1611109709619553), (4, '00866', 0.14693612315595705), (5, '00791', 0.14540856259351503), (6, '00680', 0.14477951360845867), (7, '00197', 0.14466392195599398), (8, '00307', 0.13671095950403195), (9, '00973', 0.13531893320024418), (10, '00997', 0.12808422630934904), (11, '01216', 0.125525666941933), (12, '01088', 0.12175216718635364), (13, '00283', 0.12083092291809233), (14, '00694', 0.11418295469805642), (15, '01219', 0.11048457470802067)]
00048;[(1, '00624', 0.2891667329882799), (2, '01148', 0.2525828112126712), (3, '00383', 0.2187959014859472), (4, '01053', 0.20998270498814361), (5, '00737', 0.20948583835853296), (6, '00190', 0.19984068995976348), (7, '00147', 0.18620051643839153), (8, '00336', 0.18325614592092332), (9, '00718', 0.15147849278359243), (10, '00666', 0.146757702166445), (11, '01068', 0.12928420647821223), (12, '00971', 0.12850334723311665), (13, '00312', 0.12004928754396521), (14, '00411', 0.11355237689881365), (15, '00528', 0.11343649168687764)]
00049;[(1, '00143', 0.3973598176781996), (2, '00313', 0.32000953811030913), (3, '00138', 0.3028494599369471), (4, '00436', 0.22382861117708736), (5, '00562', 0.18836157144045235), (6, '00230', 0.18460192832501454), (7, '00504', 0.1818272425066636), (8, '00553', 0.1333774755897343), (9, '00866', 0.1262468044496372), (10, '00568', 0.12570592039979678), (11, '01216', 0.11143397060815248), (12, '00681', 0.10930246193595808), (13, '01088', 0.10808408949541064), (14, '00197', 0.10291788586190298), (15, '00376', 0.1021536847047667)]
00050;[(1, '00259', 0.46354685080008945), (2, '00495', 0.33587519847013764), (3, '00208', 0.21643168422367223), (4, '00435', 0.21419608982664853), (5, '00548', 0.20943656469403935), (6, '01029', 0.20112232318814122), (7, '00848', 0.1980771474156195), (8, '01230', 0.16134065092783437), (9, '00197', 0.15484008886724104), (10, '00283', 0.1308813186483853), (11, '00376', 0.11537909742930359), (12, '00553', 0.11285308928468396), (13, '00866', 0.10184444559751694), (14, '00263', 0.09332811332890731), (15, '00592', 0.09319935124500163)]
00051;[(1, '00498', 0.11450491623061315), (2, '00568', 0.11139711098702587), (3, '00444', 0.10828960845976007), (4, '00376', 0.10444687757224799), (5, '00386', 0.10302112628794532), (6, '00441', 0.0957828350737236), (7, '00114', 0.09548885815252169), (8, '01185', 0.09436710547731306), (9, '01234', 0.09077617670625727), (10, '01102', 0.09055945805550858), (11, '01171', 0.08674161366971618), (12, '00513', 0.0850659619999245), (13, '00925', 0.08440741417366233), (14, '00373', 0.08424640521257211), (15, '00728', 0.07983515812376978)]
00052;[(1, '00406', 0.5762542032065245), (2, '00293', 0.13678089688230527), (3, '00122', 0.06632139390296181), (4, '00619', 0.0585529254656647), (5, '00566', 0.05744884952382362), (6, '01115', 0.05526553459194459), (7, '00789', 0.05498379616619608), (8, '00264', 0.04885360503715229), (9, '00292', 0.04865938945646987), (10, '00915', 0.04751874554873474), (11, '00556', 0.04041158781037925), (12, '00490', 0.03974866239374177), (13, '00186', 0.03932147079529887), (14, '00897', 0.038529715045296835), (15, '00328', 0.037794536429285305)]
00053;[(1, '00007', 0.21439283545641502), (2, '00912', 0.20107687059615156), (3, '01170', 0.19844999741572775), (4, '00609', 0.19700521095562873), (5, '00778', 0.19478959873312196), (6, '01112', 0.18566215078971798), (7, '00061', 0.16155229388192008), (8, '00111', 0.14215377104050658), (9, '00271', 0.13859510413752507), (10, '00199', 0.13071798879888527), (11, '01102', 0.12987954394524062), (12, '01051', 0.12459808925565564), (13, '00188', 0.12384375178462281), (14, '00761', 0.12157576295823251), (15, '01173', 0.12097030814436541)]
00054;[(1, '00011', 0.2854869360623415), (2, '01169', 0.2783392780537598), (3, '00793', 0.2191124403026646), (4, '00432', 0.2077005524193163), (5, '00812', 0.17981989316366986), (6, '00488', 0.17939723496843069), (7, '00819', 0.16918443407039144), (8, '00324', 0.16884363444335537), (9, '00402', 0.16100959899597503), (10, '00672', 0.1598205214712035), (11, '01049', 0.14861041810537612), (12, '01163', 0.12946789439914497), (13, '00485', 0.12780830204570898), (14, '01048', 0.12662581125858235), (15, '00273', 0.12429172925456312)]
00055;[(1, '00862', 0.2792830872686409), (2, '00951', 0.18500118683023262), (3, '00373', 0.1772989817216755), (4, '01070', 0.16250979102427143), (5, '01013', 0.15099858965728705), (6, '01136', 0.13918672403836038), (7, '00828', 0.13533446074697283), (8, '01131', 0.12976965687934333), (9, '00936', 0.12571396750494365), (10, '00609', 0.12522146898486364), (11, '00426', 0.11311710086869564), (12, '01068', 0.11265341520165013), (13, '00032', 0.11243225314524694), (14, '00890', 0.10935790985286742), (15, '00922', 0.10690355887819734)]
00056;[(1, '01102', 0.3123806200292848), (2, '00903', 0.293791498313396), (3, '00517', 0.2553945861535559), (4, '00432', 0.1923139177232312), (5, '00605', 0.17883503265411288), (6, '00609', 0.17705204214323966), (7, '01170', 0.1550471450656198), (8, '00767', 0.15461771688621653), (9, '00987', 0.1469733943887754), (10, '00185', 0.13879765636843588), (11, '00089', 0.1284267727538752), (12, '00111', 0.127756089998822), (13, '01080', 0.1268203276343383), (14, '00200', 0.1209987028979715), (15, '01051', 0.1119784905325581)]
00057;[(1, '00081', 0.40493383326971166), (2, '00987', 0.3329526581276049), (3, '00080', 0.2947777262764755), (4, '00917', 0.2568622067347738), (5, '00912', 0.24112307988072446), (6, '00778', 0.23945990923844562), (7, '00469', 0.20145502380644034), (8, '00989', 0.18707330751592613), (9, '00588', 0.18423471800461072), (10, '00187', 0.18271456077239426), (11, '00178', 0.18155898448059712), (12, '00890', 0.18136192824314593), (13, '01091', 0.17665282233649346), (14, '01173', 0.1755379627183664), (15, '00447', 0.17435002552606865)]
00058;[(1, '00016', 0.19144975067572556), (2, '00761', 0.18224197092381336), (3, '00281', 0.18012600482191962), (4, '00427', 0.1733116086091704), (5, '00062', 0.17144081607911676), (6, '00903', 0.1686426448474634), (7, '00590', 0.1588945177377816), (8, '01170', 0.1579316674587472), (9, '00904', 0.1574473424907918), (10, '00505', 0.1535045392358667), (11, '00160', 0.14844589685403906), (12, '00905', 0.14574033715968154), (13, '00111', 0.14571977979364317), (14, '00187', 0.14568308514881234), (15, '00670', 0.14553854634563584)]
00059;[(1, '00281', 0.20635261299194863), (2, '00016', 0.17737528376143935), (3, '00521', 0.1587343644294457), (4, '00228', 0.15040229442465808), (5, '00670', 0.13339581074056298), (6, '00187', 0.12938632052143054), (7, '00505', 0.12601243698946626), (8, '01134', 0.12399353850939034), (9, '00118', 0.10821492255023264), (10, '00594', 0.10277481730350477), (11, '00504', 0.10003371430055442), (12, '00364', 0.09964215924988694), (13, '00452', 0.08751952546622777), (14, '00370', 0.08682226964432459), (15, '00400', 0.0814956994877968)]
00060;[(1, '01004', 0.14841974496464955), (2, '01095', 0.143390406926017), (3, '01102', 0.13960104606526388), (4, '01234', 0.13222869560213313), (5, '00570', 0.12273711649362491), (6, '01151', 0.1213807993026584), (7, '00027', 0.1212606663286363), (8, '00348', 0.11100138780966289), (9, '00392', 0.10613805821823274), (10, '00444', 0.10473708090450692), (11, '00316', 0.09981970383789772), (12, '00189', 0.09871986785468599), (13, '00473', 0.09313148632060941), (14, '00409', 0.09141795444390882), (15, '00948', 0.08958227376268019)]
00061;[(1, '00502', 0.45052889864925777), (2, '00196', 0.4242021666228955), (3, '00969', 0.3969193827345436), (4, '00383', 0.30905666351804345), (5, '00605', 0.2798844480817294), (6, '00570', 0.25410033444410446), (7, '00511', 0.25156711786163805), (8, '00501', 0.2511364769828451), (9, '00754', 0.23521227125115882), (10, '00140', 0.21841160763917644), (11, '00437', 0.19909536942022668), (12, '00125', 0.19636566956411677), (13, '00490', 0.19162266396788932), (14, '00741', 0.18026633536190653), (15, '00160', 0.1719070173889618)]
00062;[(1, '00064', 0.18960356670327538), (2, '00814', 0.18159036858761154), (3, '00699', 0.17693933333442977), (4, '01134', 0.1732664529411904), (5, '00348', 0.16775680513668173), (6, '01038', 0.16597625519710985), (7, '00690', 0.16050627479552618), (8, '00479', 0.15735817137441416), (9, '00010', 0.1552691057808314), (10, '00032', 0.15382133135138953), (11, '00990', 0.1534227031694167), (12, '00944', 0.14929277711746403), (13, '00682', 0.14336520811588876), (14, '00879', 0.14289574406803104), (15, '00437', 0.13399440388821915)]
00063;[(1, '01171', 0.17012337350918605), (2, '00988', 0.16849157178333965), (3, '00821', 0.14090961479672826), (4, '00463', 0.13444072030013562), (5, '00240', 0.13083868769772541), (6, '00571', 0.12843719935475656), (7, '00605', 0.12276211269051905), (8, '00582', 0.1101650906306947), (9, '00963', 0.1037751080060179), (10, '00685', 0.0980652305250644), (11, '00499', 0.09123282341828767), (12, '00196', 0.08988795733406603), (13, '01237', 0.08321527949247019), (14, '00819', 0.0815663247465453), (15, '00629', 0.08106412047436895)]
00064;[(1, '01038', 0.2902618360249276), (2, '00814', 0.22323890261476495), (3, '00064', 0.22256260354080604), (4, '00576', 0.20532098082287986), (5, '00699', 0.18058784982850312), (6, '01067', 0.16622306944734108), (7, '00062', 0.16168857249226803), (8, '00368', 0.15842382563674093), (9, '00821', 0.15061315169665518), (10, '00348', 0.1429823590727867), (11, '00850', 0.1411324022767997), (12, '00242', 0.13984725474575252), (13, '01174', 0.1324730738274811), (14, '00032', 0.13219929994783725), (15, '00437', 0.12925122306944525)]
00065;[(1, '01151', 0.31598509645138645), (2, '00064', 0.29372792459459685), (3, '00490', 0.2457236635665029), (4, '01109', 0.22010241330915156), (5, '00546', 0.20287090732401886), (6, '00372', 0.18311512618932332), (7, '00473', 0.18131259232937177), (8, '00566', 0.1737154447735696), (9, '00446', 0.17351499980256646), (10, '01038', 0.1661194047589984), (11, '01110', 0.16591504065624882), (12, '00814', 0.15902224470826695), (13, '01004', 0.1515552325804743), (14, '00791', 0.14826356204830066), (15, '00364', 0.14803162939622344)]
00066;[(1, '00032', 0.2090453172554444), (2, '00690', 0.1917102583438329), (3, '00763', 0.18311644769141938), (4, '00348', 0.17591052766055226), (5, '00799', 0.1717265947128581), (6, '00814', 0.15622509221240458), (7, '00699', 0.15222373235525496), (8, '01038', 0.1427920212669641), (9, '00944', 0.1414641338037854), (10, '00064', 0.13949180287427218), (11, '00821', 0.1381753647607803), (12, '01192', 0.13601787016509204), (13, '00479', 0.13537774621280402), (14, '00010', 0.13358048974191486), (15, '00496', 0.1334759255349396)]
00067;[(1, '00396', 0.19795085076900285), (2, '00804', 0.1785176527167573), (3, '00806', 0.1668731233093879), (4, '00148', 0.16398447466131796), (5, '00160', 0.14638030528219192), (6, '00778', 0.13981273567841632), (7, '00808', 0.13486541643752376), (8, '00354', 0.13245621183812203), (9, '00473', 0.1320149648797464), (10, '00782', 0.13129655089029382), (11, '01219', 0.1263845686047599), (12, '00914', 0.12596518025973932), (13, '00842', 0.12316289865474846), (14, '00770', 0.12018276880741814), (15, '01097', 0.11781922487307121)]
00068;[(1, '01149', 0.22289733750633536), (2, '00546', 0.22240602203527546), (3, '00349', 0.20438666323441324), (4, '00021', 0.17449349463458225), (5, '00543', 0.17376176838754914), (6, '01046', 0.13652091174399433), (7, '00206', 0.11253434297102402), (8, '00326', 0.1070715417420448), (9, '00628', 0.10568612247623563), (10, '00823', 0.06802579263301844), (11, '01092', 0.06800241970594806), (12, '00563', 0.06655476394818823), (13, '00945', 0.05730845288198203), (14, '01078', 0.056523128001839965), (15, '00316', 0.053510856953810366)]
00069;[(1, '00703', 0.4543816220249658), (2, '00193', 0.25789499303077856), (3, '00363', 0.1517906277117612), (4, '00907', 0.14843571385503418), (5, '00017', 0.12072272885673122), (6, '00327', 0.1117287215587747), (7, '00698', 0.10053645566059388), (8, '00459', 0.09913090700771174), (9, '00817', 0.09874195794235338), (10, '00387', 0.09746558295385273), (11, '00438', 0.0956627319206932), (12, '01197', 0.09326791032246953), (13, '00979', 0.09101749588174983), (14, '01168', 0.08993656896469451), (15, '00822', 0.08989258820563469)]
00070;[(1, '01009', 0.30221739403356623), (2, '00804', 0.25173594464153404), (3, '00698', 0.15571996573414496), (4, '00778', 0.13795605826632287), (5, '00513', 0.12383737073191309), (6, '01000', 0.12179766201658028), (7, '00842', 0.11496881790998471), (8, '01093', 0.11343402128238583), (9, '00692', 0.11016094168336388), (10, '01104', 0.11010462271863154), (11, '00340', 0.10920738911076328), (12, '01234', 0.10807543130765332), (13, '00089', 0.10713330393414461), (14, '00438', 0.10660747351373213), (15, '00204', 0.10643969803365513)]
00071;[(1, '00547', 0.6999491612289607), (2, '00056', 0.3456405464777719), (3, '00910', 0.18075370581615552), (4, '01169', 0.14464134616275387), (5, '00266', 0.14231233879137498), (6, '00778', 0.1258796788436836), (7, '00796', 0.12365748830035082), (8, '00148', 0.1152882684281781), (9, '00060', 0.11439370882809326), (10, '00380', 0.11073932267410516), (11, '01002', 0.10674916630722825), (12, '00297', 0.10479693361237064), (13, '00692', 0.10244513533518461), (14, '00204', 0.09751663808011135), (15, '00373', 0.09226372144755096)]
00072;[(1, '00771', 0.5856872127057263), (2, '00683', 0.4692163447823284), (3, '00732', 0.37314692508689634), (4, '00682', 0.27009676259364795), (5, '00685', 0.2500537596142549), (6, '01125', 0.2403269375932991), (7, '00250', 0.21575794188162556), (8, '00733', 0.20167565760371678), (9, '00982', 0.17748910867253806), (10, '00015', 0.1656141865113808), (11, '00461', 0.15592829750817885), (12, '00029', 0.1517427858732084), (13, '00023', 0.14559459181263046), (14, '00435', 0.1378374637920293), (15, '00398', 0.12692167489196976)]
00073;[(1, '00224', 0.5383940627287368), (2, '00630', 0.5185722154001206), (3, '00227', 0.4909962070367525), (4, '00536', 0.41416971663739655), (5, '00050', 0.3999110557114564), (6, '00604', 0.3253683098739307), (7, '01197', 0.2993524182705894), (8, '01164', 0.2665917786993888), (9, '00546', 0.19442286227500274), (10, '01169', 0.17138945930694882), (11, '00820', 0.1584788706704438), (12, '01099', 0.1567681004795965), (13, '00496', 0.1536979803130627), (14, '00438', 0.15176875351996175), (15, '01048', 0.14658882695548128)]
00074;[(1, '00914', 0.4967583084598019), (2, '00910', 0.28627272979605567), (3, '00885', 0.26390461549618666), (4, '00093', 0.18605965056166235), (5, '01045', 0.16245360222869337), (6, '00155', 0.15454215087732015), (7, '00590', 0.1489113424432277), (8, '00160', 0.1471385181977945), (9, '00842', 0.14057996990332128), (10, '00354', 0.1331423014754803), (11, '00782', 0.1319766337775865), (12, '01170', 0.11910863069187466), (13, '00980', 0.11511000127472978), (14, '01012', 0.1122336278125946), (15, '00154', 0.10859487948413225)]
00075;[(1, '00241', 0.25859009388385046), (2, '01004', 0.21733820469838444), (3, '00446', 0.1680903203704103), (4, '00948', 0.1662463418450609), (5, '00519', 0.1429958120664423), (6, '00316', 0.1360279346066559), (7, '00199', 0.1280369852041039), (8, '00017', 0.12191581875348562), (9, '00100', 0.11929441023107036), (10, '01234', 0.1181004623218752), (11, '01226', 0.11711487558229969), (12, '00833', 0.1136961740575666), (13, '00422', 0.1011836126617061), (14, '00370', 0.10032142326272372), (15, '00333', 0.0958979334576071)]
00076;[(1, '01188', 0.44894824026946123), (2, '01007', 0.27017740454344585), (3, '00606', 0.2370621056278599), (4, '01039', 0.2124389408733306), (5, '01073', 0.20584645253231154), (6, '00819', 0.15523383065535099), (7, '00341', 0.14705837668287516), (8, '00064', 0.14117687468631243), (9, '00437', 0.13270971626508568), (10, '00450', 0.12380191777857995), (11, '01038', 0.12330723764015192), (12, '00814', 0.1228438144360257), (13, '01123', 0.11807254818709662), (14, '00699', 0.11455126710195412), (15, '01195', 0.11206647939947724)]
00077;[(1, '00754', 0.315232677962047), (2, '00502', 0.2877478352919956), (3, '00498', 0.21511461480056895), (4, '00969', 0.19903392369456324), (5, '00196', 0.19902282909479196), (6, '00748', 0.1921305322830537), (7, '00484', 0.18861219548203384), (8, '00437', 0.186035247427066), (9, '00501', 0.18431542279558288), (10, '00481', 0.17320668740880105), (11, '00151', 0.15481152741219095), (12, '00680', 0.14844686770572518), (13, '00592', 0.1439426021704492), (14, '00289', 0.13598711521823742), (15, '00925', 0.12369581272760964)]
00078;[(1, '00200', 0.16877708544365128), (2, '00452', 0.15143897642750892), (3, '01179', 0.150625956751032), (4, '00043', 0.14572511927880324), (5, '01087', 0.14494770973482662), (6, '00165', 0.14042416421610557), (7, '00434', 0.12607520694444965), (8, '01093', 0.1217347180819436), (9, '00586', 0.11629683335814911), (10, '00503', 0.11082573922210447), (11, '00945', 0.10803661737648676), (12, '00153', 0.10640452052459215), (13, '01182', 0.10622886843498262), (14, '00510', 0.10118152005904316), (15, '00607', 0.09831781555219274)]
00079;[(1, '00945', 0.28045414189740525), (2, '00758', 0.21245983218792094), (3, '01066', 0.20162099580885612), (4, '01179', 0.19021118851217225), (5, '00452', 0.1854720236943051), (6, '01101', 0.17176977491634582), (7, '00200', 0.16704866685538922), (8, '00455', 0.16550997068802545), (9, '00544', 0.16472369770126022), (10, '01091', 0.15455023089902667), (11, '00326', 0.13935852492214978), (12, '00673', 0.13545048775059648), (13, '00389', 0.13056798212773182), (14, '00238', 0.12961816449227273), (15, '00791', 0.1263217283766778)]
00080;[(1, '01111', 0.20836175852005562), (2, '00945', 0.15424048850649755), (3, '00753', 0.14124223614767878), (4, '01227', 0.13442646062337427), (5, '00541', 0.12298370314860722), (6, '01078', 0.10773452070354045), (7, '01181', 0.10345075488637821), (8, '00696', 0.09627197513565652), (9, '00680', 0.08529647176581304), (10, '00123', 0.07949044925325335), (11, '00684', 0.07605966749203166), (12, '00546', 0.07155526649840294), (13, '00279', 0.07021821289893798), (14, '01180', 0.06450377818358234), (15, '00912', 0.0643922803567616)]
00081;[(1, '00546', 0.3666700242486623), (2, '00592', 0.2806400302956183), (3, '00321', 0.2516032417233513), (4, '00542', 0.238355947269302), (5, '00945', 0.2241284510423764), (6, '00326', 0.2239002439457909), (7, '00021', 0.13898714378345714), (8, '00458', 0.1267148262894712), (9, '00193', 0.11202527378206413), (10, '01003', 0.1108004893903582), (11, '01092', 0.10203833490718621), (12, '00964', 0.09917203085155729), (13, '01029', 0.09877669522868733), (14, '00823', 0.09597986953374579), (15, '00652', 0.09538951118981351)]
00082;[(1, '00093', 0.47450031816242993), (2, '00090', 0.293227812354769), (3, '01234', 0.20856531383337845), (4, '00253', 0.20838290663397266), (5, '00543', 0.20417602374409693), (6, '00546', 0.1758043481483337), (7, '01151', 0.17142432687200287), (8, '00389', 0.15128966503868307), (9, '00814', 0.13897414688100415), (10, '00321', 0.13754841272822352), (11, '00699', 0.13541463179519958), (12, '00025', 0.13061228136862296), (13, '01087', 0.12843827683096276), (14, '01038', 0.12702440469684584), (15, '00498', 0.1267086645453836)]
00083;[(1, '00018', 0.42925299074080764), (2, '01203', 0.2791991507296398), (3, '00669', 0.1979770059384402), (4, '00829', 0.1806816704446285), (5, '00166', 0.14685964563100715), (6, '00629', 0.129213292545208), (7, '00224', 0.11814901416961403), (8, '01063', 0.10684567462533145), (9, '00609', 0.10358529750511801), (10, '00192', 0.1009413626512903), (11, '00463', 0.09790963270097532), (12, '01051', 0.09283456467695515), (13, '00445', 0.0911026913803787), (14, '00432', 0.08733884656964418), (15, '01102', 0.08202797533808723)]
00084;[(1, '00555', 0.35696890082293353), (2, '00922', 0.26699398141149505), (3, '00718', 0.26518532159114055), (4, '00160', 0.23529621099237966), (5, '00668', 0.22633550282507), (6, '00778', 0.22140482752667265), (7, '00912', 0.21936695870933803), (8, '00469', 0.20357437773723852), (9, '00008', 0.19912173779260417), (10, '00384', 0.19365359055656423), (11, '00588', 0.1887004527379351), (12, '00784', 0.18392789344151805), (13, '00986', 0.17327867898003507), (14, '00550', 0.17056834252186925), (15, '00457', 0.17028556670587724)]
00085;[(1, '00062', 0.27194371292212355), (2, '00160', 0.2619906063509567), (3, '00432', 0.2309072861115319), (4, '00761', 0.22315598337254772), (5, '00790', 0.20752107769671446), (6, '00487', 0.20448710840942325), (7, '01065', 0.20262534911936597), (8, '00111', 0.20151943220198149), (9, '00588', 0.199480616537825), (10, '00541', 0.1991696404478286), (11, '00590', 0.19432540535616893), (12, '00499', 0.18204903155221555), (13, '00814', 0.17771274263171402), (14, '00202', 0.17730949682094962), (15, '00427', 0.17008271373796072)]
00086;[(1, '00922', 0.3439335082799026), (2, '00668', 0.31861265892596224), (3, '00718', 0.29333342562685305), (4, '00555', 0.2884084378385124), (5, '00160', 0.2651482596950963), (6, '00008', 0.2651466750900393), (7, '00062', 0.2624896293145252), (8, '00986', 0.23849370453510388), (9, '00905', 0.22531514207371275), (10, '00903', 0.1934521439849072), (11, '00282', 0.19190126916493985), (12, '00923', 0.19143206374651783), (13, '00778', 0.1821420237433667), (14, '00912', 0.1775523440669884), (15, '01112', 0.17619024170583794)]
00087;[(1, '00860', 0.13270900020620754), (2, '00903', 0.11161585584692219), (3, '00437', 0.10707359194245049), (4, '00814', 0.09698381738479508), (5, '00699', 0.0944997916231138), (6, '01171', 0.0930013515409379), (7, '01038', 0.08864462883934483), (8, '00498', 0.08842428796388199), (9, '00064', 0.08659586846804924), (10, '00990', 0.08194002546828599), (11, '00552', 0.07828403456107962), (12, '01190', 0.07820101588663544), (13, '00501', 0.07778788662403084), (14, '01091', 0.07617660565775337), (15, '00386', 0.07573716116419953)]
00088;[(1, '00614', 0.39882659797210573), (2, '00761', 0.24845443096600728), (3, '00062', 0.1695251702262949), (4, '00790', 0.13100323002094358), (5, '01091', 0.12010748069317208), (6, '00432', 0.11998991963693387), (7, '00590', 0.11908904371024975), (8, '01171', 0.11682592447811568), (9, '00262', 0.11096284743447962), (10, '00111', 0.10935052289765575), (11, '00814', 0.10890825384538279), (12, '00699', 0.10611881004427634), (13, '00588', 0.10446622624217476), (14, '00427', 0.10423231946215979), (15, '01102', 0.09967478333334893)]
00089;[(1, '00469', 0.2542713052118515), (2, '00479', 0.19851787320292358), (3, '00778', 0.18156326983132762), (4, '00912', 0.17989211328927796), (5, '00905', 0.13942805047525347), (6, '00216', 0.1369411299389911), (7, '00282', 0.13467389254499715), (8, '00432', 0.12861597042337652), (9, '00099', 0.12568519608903758), (10, '00447', 0.12524409037486448), (11, '00588', 0.1248227232213411), (12, '00845', 0.12449277665275282), (13, '01091', 0.12224068384677837), (14, '00460', 0.12135038190630579), (15, '00890', 0.1200195802377145)]
00090;[(1, '00884', 0.45330576794969163), (2, '00007', 0.4513209879636566), (3, '00177', 0.43915183490511506), (4, '00451', 0.4246374880535618), (5, '00260', 0.4226941893872345), (6, '00912', 0.37894293210103064), (7, '00479', 0.3580432605694213), (8, '00161', 0.3162445995470774), (9, '00778', 0.29677079108829385), (10, '00265', 0.28898453933390184), (11, '01086', 0.27817399412947724), (12, '00447', 0.2634189466163618), (13, '00790', 0.263064980994902), (14, '00589', 0.2627650922684143), (15, '00905', 0.26236713622003305)]
00091;[(1, '00791', 0.3660910564000101), (2, '00798', 0.2807915022182894), (3, '00643', 0.24787022797904362), (4, '00770', 0.20913547258899962), (5, '00928', 0.19503255650321172), (6, '00822', 0.17988444422131758), (7, '00440', 0.1792033759171267), (8, '00099', 0.1742129436054334), (9, '00096', 0.17359379613660186), (10, '00715', 0.1696490275708903), (11, '00443', 0.1686647086194002), (12, '00830', 0.16212950333152779), (13, '00333', 0.1559496880291578), (14, '00234', 0.1470403430686371), (15, '00513', 0.14703222924920553)]
00092;[(1, '00661', 0.35370948852975326), (2, '01147', 0.3006424379441519), (3, '00910', 0.2865667543974239), (4, '00354', 0.2793236652416434), (5, '00473', 0.21653819135934882), (6, '00258', 0.17994245717636304), (7, '00778', 0.17985446902956875), (8, '01093', 0.16518687603400237), (9, '00148', 0.15665003913308548), (10, '00765', 0.15557619809851944), (11, '00764', 0.1484281916039304), (12, '00766', 0.1476424733819543), (13, '00692', 0.14361774265839058), (14, '00204', 0.13876632613374637), (15, '00942', 0.13672414134644476)]
00094;[(1, '00955', 0.29954339939945085), (2, '00435', 0.22715169119879824), (3, '01143', 0.19995271019927185), (4, '00705', 0.16259447727037485), (5, '01223', 0.13975575894498574), (6, '00566', 0.13521746566883422), (7, '01234', 0.13410406694879426), (8, '01197', 0.12751547346582276), (9, '00264', 0.11498682248058811), (10, '00431', 0.11118252806548322), (11, '00069', 0.10106253915841037), (12, '01168', 0.09200488767904294), (13, '00442', 0.08934138768443875), (14, '01156', 0.08886310013510168), (15, '00395', 0.08489286572109915)]
00095;[(1, '00030', 0.35196881824869997), (2, '00606', 0.2895621666240251), (3, '00883', 0.19908854992153288), (4, '00257', 0.12793455226385972), (5, '00499', 0.11419531876114407), (6, '00516', 0.11064783055868149), (7, '01004', 0.09003832867811574), (8, '00364', 0.08462258214611419), (9, '01223', 0.08349466804267254), (10, '01079', 0.08335858243687165), (11, '00615', 0.08165940620425632), (12, '00490', 0.0737682899180732), (13, '00348', 0.07274577968905095), (14, '00370', 0.06671674617041817), (15, '00504', 0.06643938660626375)]
00096;[(1, '00455', 0.41062654597004933), (2, '01088', 0.11115078581430768), (3, '00454', 0.09440458250362854), (4, '00871', 0.09208371270973692), (5, '00673', 0.08239466652607026), (6, '00594', 0.07439764848685794), (7, '01087', 0.07165952541692325), (8, '00941', 0.06569018271062486), (9, '00029', 0.06478371718904279), (10, '00537', 0.060437431608762714), (11, '00431', 0.05835823189596925), (12, '00727', 0.05489438811813252), (13, '01083', 0.05440281866488002), (14, '00043', 0.05348922299367555), (15, '01084', 0.05311030308840126)]
00097;[(1, '00539', 0.3873847246668408), (2, '00140', 0.30707318957178525), (3, '00757', 0.3038170202449006), (4, '00383', 0.2989414575470626), (5, '00751', 0.25567657729737925), (6, '01185', 0.23999286983958773), (7, '00571', 0.20903209559267646), (8, '00125', 0.19790739756080072), (9, '00490', 0.1873328722982184), (10, '00568', 0.18043227377499266), (11, '00135', 0.17563022993501928), (12, '00393', 0.17292799416764718), (13, '00710', 0.17267621699288438), (14, '00765', 0.16843521780341583), (15, '00562', 0.1572984935368608)]
00098;[(1, '01118', 0.2776529278254973), (2, '01018', 0.21610914029131062), (3, '00180', 0.18164049267454802), (4, '00562', 0.15656733775439263), (5, '00833', 0.12728944862953975), (6, '00763', 0.11227975047128237), (7, '00516', 0.11050843377847074), (8, '00505', 0.11029802982477335), (9, '00394', 0.10497971910853644), (10, '01214', 0.10168698868147524), (11, '01184', 0.0985262331245238), (12, '00498', 0.09450269267972987), (13, '01156', 0.09004748255422447), (14, '01091', 0.08754233434662631), (15, '00360', 0.08611033356252462)]
00099;[(1, '00268', 0.697442915415614), (2, '00449', 0.5685877050560058), (3, '00324', 0.4593560029626437), (4, '00364', 0.08027604879233544), (5, '00594', 0.07208489842891286), (6, '00504', 0.06085910980455789), (7, '00490', 0.06068040555484337), (8, '00566', 0.05846770310965473), (9, '00117', 0.056834606226891154), (10, '01110', 0.05027489995280616), (11, '01237', 0.048096683143883656), (12, '00608', 0.046340904150924615), (13, '00571', 0.046250224195119496), (14, '00501', 0.0438953711173385), (15, '01063', 0.04240062768879593)]
00100;[(1, '00183', 0.6486508637863483), (2, '00579', 0.4476096423273354), (3, '01017', 0.21980381337095398), (4, '00871', 0.12103427175971872), (5, '00594', 0.0910587692101879), (6, '01083', 0.06556450383536078), (7, '00514', 0.06322037888619227), (8, '00359', 0.05985391492831288), (9, '00369', 0.05818394578308403), (10, '01019', 0.05765153242937556), (11, '00402', 0.056573345478952264), (12, '00559', 0.05625232371015802), (13, '00082', 0.05553228906442955), (14, '00665', 0.05436772481665666), (15, '00727', 0.05389406041064128)]
